zrodlo,qid,pytanie,gold_answer,aliases,passaz,passaz_url,dataset_config,dataset_split,source_question_id
triviaqa,triviaqa_sfq_178,What general name is given to a rotating star which emits a regular beat of radiation?,PULSAR,PULSAR,,,rc.nocontext,validation,sfq_178
triviaqa,triviaqa_sfq_17752,Which English cricketer had figures for bowling 10 for 53 against Australia 1956?,JIM LAKER,JIM LAKER|James Laker,,,rc.nocontext,validation,sfq_17752
triviaqa,triviaqa_qb_2689,Wolf Mankowitz wrote the 1953 novel ‘A Kid For Two….’what’?,Farthings,Farthings,,,rc.nocontext,validation,qb_2689
triviaqa,triviaqa_sfq_6199,Who is the patron saint of dancers?,St Vitus,"St Vitus|Vitus (saint)|Sts. Vitus, Modestus, and Crescentia|Vitus|Modestus, Vitus, and Crescentia|Crescentia, Modestus, and Vitus, Saints|Vitus, Modestus and Crescentia|St. Vitus|Modestus, Vitus, and Crescentia, Saints|Crescentia, Modestus, and Vitus|Vít|Saint Vitus Day|Vitus, Modestus, and Crescentia|Saint Vitus",,,rc.nocontext,validation,sfq_6199
triviaqa,triviaqa_qg_607,"Published on Feb 21, 1848, which two authors were responsible for the Communist Manifesto?",Karl Marx and Friedrich Engels,Karl Marx and Friedrich Engels,,,rc.nocontext,validation,qg_607
triviaqa,triviaqa_bb_912,The fortified wine drink Sherry is named after what town?,Jerez,"Jerez|Jerez, Spain|Jerez de la Frontera (Cádiz)|Jerez de la Frontera, Cadiz|Jerez de la Frontera|Emirate of jerez|Jerez de la Frontera, Spain|Xeres (Jerez) de la Frontera|Jerez de la Frontera, Cádiz|History of Jerez de la Frontera",,,rc.nocontext,validation,bb_912
triviaqa,triviaqa_dpql_4760,The nickname for Dumfries became the name of which Scottish football club?,Queen of the South,Queen of the South|Queen of the South FC|Queen of the South F. C.|The Mighty Queen of the South|Queen of the South F C|Queen of the South F.C.,,,rc.nocontext,validation,dpql_4760
triviaqa,triviaqa_sfq_22481,The revolutionary group the Sandinistas were active in which country?,Nicaragua,"Nicaragua|Administrative divisions of Nicaragua|Bibliography of nicaragua|Subdivisions of Nicaragua|Health in Nicaragua|Republica De Nicaragua|Etymology of Nicaragua|República de Nicaragua|Sport in Nicaragua|Republic of Nicaragua|The Republic of Nicaragua|Nicaragua, Central America",,,rc.nocontext,validation,sfq_22481
triviaqa,triviaqa_sfq_20557,Who was the conservative candidate beaten by Ken Livingstone in the first two elections for Mayor of London?,Steven Norris,Steven Norris|Steve Norris|Steven John Norris|Stephen Norris,,,rc.nocontext,validation,sfq_20557
triviaqa,triviaqa_qz_4047,"When Mr Benn was looking for an adventure, what type of shop did he visit?",A fancy dress shop,A fancy dress shop,,,rc.nocontext,validation,qz_4047
triviaqa,triviaqa_qf_1928,What was made and repaired by a Wainwright?,Wagons,Wagons,,,rc.nocontext,validation,qf_1928
triviaqa,triviaqa_qw_1225,"The War of the Triple Alliance (1864 - 1870) was fought between the allied countries of Argentina, Brazil, and Uruguay and which other country?",Paraguay,Paraguay|Administrative divisions of Paraguay|Culture of Paraguay|Etymology of Paraguay|Republic of Paraguay|Republic Paraguay|Name of Paraguay|República del Paraguay,,,rc.nocontext,validation,qw_1225
triviaqa,triviaqa_jp_2252,What city will host the 2016 Olympics?,Rio de Janeiro,"Rio de Janeiro|São Sebastião do Rio de Janeiro|Rio de Janiero|Rio di Janeiro|Rio de Janeiro (city)|Rio, Brazil|Rio de Janero|Rio de Janeiro (Brazil)|Rio Janeiro|Río de Janeiro, Brazil|Rio de Janeiro city|Río de Janeiro|R. Janeiro|Rio-de-Janeiro|R Janeiro|Rio de Jainero|Rio de Janeiro, Brazil|Rio de Janerio|Sao Sebastiao do Rio de Janeiro|Rio de Janiero, Brazil|Rio de Janeiro, RJ|Rio de Janeiro, Rio de Janeiro",,,rc.nocontext,validation,jp_2252
triviaqa,triviaqa_qb_7436,Mount Entoto is the highest peak overlooking which African capital city?,Addis Ababa,"Addis Ababa|Addis Ababa, ET|Addis Abba, Ethiopia|Addis Abba|Addis Abeba|Addis Ababa Museum|Addis Ababa, Ethiopia|Addis-Abeba|Addis Adaba|Districts of Addis Ababa|Adis Ababa|The Grand Anwar Mosque (Addis Ababa)",,,rc.nocontext,validation,qb_7436
triviaqa,triviaqa_sfq_21619,Which company produced the Hastings and Herald aircraft?,Handley-Page,"Handley-Page|Handley Page Ltd|Handley Page, Limited|Handley Page Limited|Handley Page Aircraft Company|Handley Page (Reading)|Handley-Page Aircraft Company|Handley Page O/100 and O/400|Handley Page|Handley Page Slat|O/100 and O/400, Handley Page",,,rc.nocontext,validation,sfq_21619
triviaqa,triviaqa_sfq_10251,Buenos Aires is located on the estuary of which river?,RIVER PLATE,RIVER PLATE|The River Plate (disambiguation)|The River Plate|River Plate (disambiguation),,,rc.nocontext,validation,sfq_10251
triviaqa,triviaqa_qb_1448,What was the name of the Prime Minister of Egypt who was assassinated in 1910?,Boutros Ghali,"Boutros Ghali|Boutros Ghali Pasha|Boutros, Pasha Ghali",,,rc.nocontext,validation,qb_1448
triviaqa,triviaqa_wh_2443,Cathay is a poetic name for which far eastern country?,CHINA,"CHINA|China (Peking)|Socialist China|PRC|P. R. of China|People's Republic Of China|The People's Republic of China|Territorial disputes of China|China PRC|People's repuublic of china|China (PRC)|China (People's Republic)|People's Republic of China (Mainland China)|People' Republic of China|People' s Republic of China|P.R. of China|China, People's Republic of|Peoples republic of China|Red China (modern)|State of China|中国|P.R.China|People's Republic or China|China, the People's Republic of|Nation of China|People’s Republic of China|China, PRC|Modern day China|中华|Homes in china|China PR|PRC (China)|中國|(The People's Republic of) China|The People’s Republic of China|China (Republic : 1949- )|China People's Republic|Pr china|Land of China|P.R. China|中華|PR of China|Communist China (modern)|P. R. China|People's Republic of China (PRC)|Peoples' Republic of China|The Peoples Republic of China",,,rc.nocontext,validation,wh_2443
triviaqa,triviaqa_qb_6004,Which British monarch was the first Head of the Commonwealth?,King George VI,"King George VI|HM King George VI|George VI, King of England|George VI of Scotland|George VI of Britain|George VI of the United Kingdom|George VI of Great Britain and Ireland|George VI of England|George vi|George VI of Ireland|Albert Frederick Arthur George|King george the 6th|George VI of the UK|George VI of India|George VI of Great Britain|George VI, Emperor|King George V1|George the Sixth|George VI of Canada|King George VI of the United Kingdom",,,rc.nocontext,validation,qb_6004
triviaqa,triviaqa_tc_1069,In which American state is the Isabella Stewart Gardner Museum?,Massachusetts,"Massachusetts|Massachusetts (state)|Massachusetts culture|Massachusetts, United States|Culture of Massachusetts|Commonwealth of Massachusetts|Religion in Massachusetts|Transport in Massachusetts|Economy of Massachusetts|The Commonwealth of Massachusetts|Transportation in Massachusetts|Massachusetts state|Most Serene Commonwealth of Massachusetts|Massachusetts (U.S. state)|State of Massachusetts|Education in Massachusetts",,,rc.nocontext,validation,tc_1069
triviaqa,triviaqa_wh_3301,"Which opera by Rossini , his last , is based on a play by Schiller ?",WILLIAM TELL,"WILLIAM TELL|William, Tell",,,rc.nocontext,validation,wh_3301
triviaqa,triviaqa_qb_4949,‘The Queen was in the parlour eating bread and honey’ in which nursery rhyme?,Sing a Song of Sixpence,Sing a Song of Sixpence,,,rc.nocontext,validation,qb_4949
triviaqa,triviaqa_odql_8301,Who is the father-in-law of Manchester City footballer Sergio Kűn Aguerro?,DIEGO MARADONA,"DIEGO MARADONA|El Diego|Diego Marradonna|Maradona|Diego Maradonna|Maradona, Diego|Diego Marradona|Diego Armando Maradona",,,rc.nocontext,validation,odql_8301
triviaqa,triviaqa_dpql_206,What colour hair did Charles Dickens' character David Copperfield have?,RED,RED|Red (comics)|Red (song)|Red (comic)|Red (album)|Red (film)|Red (disambiguation),,,rc.nocontext,validation,dpql_206
triviaqa,triviaqa_bb_1493,Elizabeth Taylor made a fortune from what business aside from acting?,Perfume,Perfume|Perfume bottles|Perfume bottle|Perfume Industry,,,rc.nocontext,validation,bb_1493
triviaqa,triviaqa_sfq_19603,What is the name of the charity for single parents founded in the 1970s which currently has J K Rowling as its President?,GINGERBREAD,GINGERBREAD|Gingerbread cookie,,,rc.nocontext,validation,sfq_19603
triviaqa,triviaqa_sfq_16378,Who was the UK Poet Laureate or the longest period?,Alfred Lord Tennyson,"Alfred Lord Tennyson|A. tennyson|Baron Alfred Tennyson|Tennyson (poet)|Alfred Tennyson, Lord Tennyson|Tennyson, Alfred, 1st Lord|Alfred Tennyson Tennyson|Alfred Lord Tennison|Tennyson|A Tennyson|Lord Tennyson|Alfred Tennyson, 1st Baron Tennyson|Alfred, Lord Tennyson|Alfred Tennyson|Lord Tennyson Alfred|Lord Alfred Tennyson",,,rc.nocontext,validation,sfq_16378
triviaqa,triviaqa_qb_6288,Giugno is Italian for which month of the year?,June,June|㋅|June 31|June 31st,,,rc.nocontext,validation,qb_6288
triviaqa,triviaqa_qf_277,What character was played by Bill Fraser in 'The Army Game'?,Snudge,Snudge,,,rc.nocontext,validation,qf_277
triviaqa,triviaqa_wh_817,Who is the Greek God of War?,ARES,ARES|Ares (disambiguation),,,rc.nocontext,validation,wh_817
triviaqa,triviaqa_sfq_3290,For which scientific discovery did Crick and Watson receive the 1962 Nobel Prize for Medicine?,DNA structure,DNA structure|RNA Structure|Nucleic acid structure|Mechanical properties of DNA|DNA topology|DNA bubble,,,rc.nocontext,validation,sfq_3290
triviaqa,triviaqa_odql_3663,Nouakchott is the capital of which Islamic African republic?,MAURETANIA,MAURETANIA|Mauretania Secunda|Roman Mauretania|Ancient mauretania|Kingdom of Mauretania|Mauretania Prima|List of Kings of Mauretania|King of Mauretania|Classical mauretania|Mauretania Sitifensis,,,rc.nocontext,validation,odql_3663
triviaqa,triviaqa_qb_1414,A creance is the name of the long fine cord used in which sport?,Falconry,Falconry|Hawking (falconry),,,rc.nocontext,validation,qb_1414
triviaqa,triviaqa_qb_2020,Selenology is the scientific study of which celestial body?,The moon,The moon|Moon-like|Mass of the Moon|Moon mass|Moon|🌙|Mass of Moon|Earth and moon|🌛|🌜|Pictures on the moon|☽|☾|Luna (moon)|Earth's moon|Moon (moon)|Moon (Earth)|Moon-likeness|Moon distance from earth|Moon likeness|Moon like,,,rc.nocontext,validation,qb_2020
triviaqa,triviaqa_bb_3952,In June 2013 US Texas State Senator Wendy Davis filibustered for 10 hours to obstruct Texas state laws concerning?,Abortion,"Abortion|Abortion, Physical Effects of|Induced abortion|Abortion and health|Abortion.|Third-trimester abortion|Abortion, induced|Complications of Abortion|Pine needle abortion|Abortion Complications|Abortion in animals|Physical Effects of Abortion|Surgical abortion|Elective abortion|Total abortion rate|Pregnancy abortion",,,rc.nocontext,validation,bb_3952
triviaqa,triviaqa_tc_2090,Who first drew Mickey Mouse when ?Disney first supplied the voice?,Ub Iwerks,"Ub Iwerks|Iwerks, Ub|Ub Iwerks Studio",,,rc.nocontext,validation,tc_2090
triviaqa,triviaqa_odql_10047,Alan Greenspan was the head of which US government department from 1987 to 2006?,FEDERAL RESERVE BOARD,FEDERAL RESERVE BOARD|FRB|Board of Governors of the Federal Reserve System|Federal Reserve governor|U.S. Federal Reserve governor|Federal Reserve Board of Governors|Board of Governors of the Federal Reserve,,,rc.nocontext,validation,odql_10047
triviaqa,triviaqa_sfq_7781,In what year was the Battle of Stamford Bridge?,1066,1066|one thousand and sixty-six,,,rc.nocontext,validation,sfq_7781
triviaqa,triviaqa_sfq_21320,What was the Russian City of Nizhny Novgorod called between 1932 and 1990?,GORKY,GORKY|Gorky (disambiguation),,,rc.nocontext,validation,sfq_21320
triviaqa,triviaqa_bb_8041,Zloty and Grosz are money in which country?,Poland,Poland|Etymology of Poland|Republic of Poland|Fourth Poland|Country- Poland|Poland.|Architecture of Poland,,,rc.nocontext,validation,bb_8041
triviaqa,triviaqa_sfq_23344,Which US folk singer had the words “This machine kills fascists” written on his guitar?,Woody Guthrie,"Woody Guthrie|Woody Guthry|Woodrow Wilson %22Woody%22 Guthrie|Woodie Guthrie|Guthrie, Woody|Woodrow Wilson Guthrie",,,rc.nocontext,validation,sfq_23344
triviaqa,triviaqa_odql_9681,How is 'The Journal Of The House Of Commons' better known?,'HANSARD','HANSARD',,,rc.nocontext,validation,odql_9681
triviaqa,triviaqa_wh_4276,"According to the Old Testament, who was the wife of Abraham and the mother of Isaac ?",SARAH,SARAH,,,rc.nocontext,validation,wh_4276
triviaqa,triviaqa_odql_14990,Who composed the Liverpool Oratorio in collaboration with Carl Davis?,Paul McCartney,"Paul McCartney|Paul Mcartney|Paul mc cartney|Paul Ramon|Sir James Paul McCartney MBE|Paul MacCartney|Paul Ramone|Sir James Paul McCartney|Paul McCartney: Relationships and marriages|Ballets to the music of Paul McCartney|Beatle Paul|McCartney, Paul|Paul McCartney's solo career|Sir paul mccartney|James Paul McCartney|Paul mccartny",,,rc.nocontext,validation,odql_14990
triviaqa,triviaqa_odql_12335,Which French romantic artist who painted Massacre at Chios and Women of Algiers was born on this day in 1798?,(Eugene) Delacroix,"(Eugene) Delacroix|Delacroix, Ferdinand-Victor-Eugène|Delacroix, Ferdinand Victor Eugene|Ferdinand-Victor-Eugene Delacroix|Eugene Delacroix|Eugène Ferdinand Victor Delacroix|Ferdinand-Eugène-Victor Delacroix|Delacroix, Ferdinand-Victor-Eugene|Ferdinand Victor Eugene Delacroix|Ferdinand-Victor-Eugène Delacroix|Eugene de la Croix|Eugène Delacroix|Ferdinand-Victor Eugene Delacroix|Ferdinand Delacroix|Ferdinand Victor Eugène Delacroix|Delacroix, Ferdinand Victor Eugène|Eugene Ferdinand Victor Delacroix|Ferdinand Victor Eugen Delacroix",,,rc.nocontext,validation,odql_12335
triviaqa,triviaqa_jp_657,What did Tikki Tikki Tembo fall into?,a Well,"a Well|The Well (album)|The Well (disambiguation)|The Well|Well, The|The Well (film)",,,rc.nocontext,validation,jp_657
triviaqa,triviaqa_dpql_5066,Which is the most southerly of the Shipping Forecast areas?,Trafalgar,Trafalgar|Trafalgar (disambiguation),,,rc.nocontext,validation,dpql_5066
triviaqa,triviaqa_sfq_23329,A gerber was an alternative name for which traditional trade/craftsman?,Tanner,Tanner|Tanner (name)|Tanner (disambiguation),,,rc.nocontext,validation,sfq_23329
triviaqa,triviaqa_bb_5774,"What famous road began in Chicago, Illinois, ending at Santa Monica, California?",Route 66,Route 66|Route 66 (public transport)|Route 66 (disambiguation),,,rc.nocontext,validation,bb_5774
triviaqa,triviaqa_sfq_14566,Moroni is the capital of which Indian Ocean island group?,COMOROS,COMOROS|Federal Islamic Republic of the Comoros|Union of the Comoros|Culture of Comoros|Federal and Islamic Republic of Comoros|State of Comoros|The Comoros|Union of Comoros|State of the Comoros|Islamic Federal Republic of Comoros|Comoros Republic|Republic of the Comoros|The Union of Comoros|Islamic Republic of the Comoros|Islamic Federal Republic of the Comoros|Federal and Islamic Republic of the Comoros|Culture of the Comoros,,,rc.nocontext,validation,sfq_14566
triviaqa,triviaqa_dpql_2596,Which English town/city did the Romans call Dubris?,Dover,"Dover|Dover RFC|Docks Of Dover|The weather in Dover|Charlton by Dover|Dover, Kent|Dover (town, England)|Dover, England",,,rc.nocontext,validation,dpql_2596
triviaqa,triviaqa_qw_8348,"Maine Coon, Munchkin, Oriental Shorthair, Persian, Ragamuffin, Russian Blue, Siamese, Siberian, Snowshoe, Sphynx, Tonkinese and Manx are all breeds of what?",Cat,Cat|Alley-cat|🐈|House cat|Domestic cat|Tom (cat)|A Cat|🐱|Cat (animal)|😻|Domesticated cat|Cat poison|Cat baths|Pet cat,,,rc.nocontext,validation,qw_8348
triviaqa,triviaqa_qw_13550,"In October 2003, which cricketer, playing in a Test series against Zimbabwe, scored a record 380 not out?",Matthew Hayden,Matthew Hayden|Mathew Hayden|Matt Hayden|Matty hayden|ML Hayden,,,rc.nocontext,validation,qw_13550
triviaqa,triviaqa_sfq_19424,Which of the Queen's horses won the 2013 Ascot Gold Cup?,Estimate,Estimate,,,rc.nocontext,validation,sfq_19424
triviaqa,triviaqa_dpql_5817,Which 1987 US film was based on the 1985 French film ‘Trois hommes et un couffin’?,THREE MEN AND A BABY,THREE MEN AND A BABY|3 Men and a Baby|Peter Mitchell (Three Men and a Baby)|Jack Holden (Three Men and a Baby),,,rc.nocontext,validation,dpql_5817
triviaqa,triviaqa_qb_10149,What colour is the liqueur Galliano?,Yellow,Yellow|Yellow color|White-yellow|Dark yellow|Symbolism of yellow|Yellow (color)|Yellow (colour)|Yellow white|White yellow|Royal yellow|Yellow-white,,,rc.nocontext,validation,qb_10149
triviaqa,triviaqa_bb_3998,The word Tet in the Tet Offensive (N Vietnam/Viet Cong against S Vietnam/US forces on 30 Jan 1968) referred to the national?,New Year,New Year|New-year|Turn of the year|New Year Festival|New Year's|New Years,,,rc.nocontext,validation,bb_3998
triviaqa,triviaqa_odql_13385,By what first name is West Indian cricketer Sarwan known?,RAMNARESH,RAMNARESH,,,rc.nocontext,validation,odql_13385
triviaqa,triviaqa_sfq_13317,Goodge Street tube station is on which London Underground line?,Northern,Northern|Northern (disambiguation),,,rc.nocontext,validation,sfq_13317
triviaqa,triviaqa_qb_9577,What is the first name of Blackadder in the UK television series ‘Blackadder’?,Edmund,Edmund|Edmund (given name),,,rc.nocontext,validation,qb_9577
triviaqa,triviaqa_qf_85,'Yellow River' was a May 1970 No.1 for who?,Christie,Christie|Christie (disambiguation),,,rc.nocontext,validation,qf_85
triviaqa,triviaqa_odql_14848,On which Italian track was the Formula One San Marino Grand Prix held?,Imola,Imola,,,rc.nocontext,validation,odql_14848
triviaqa,triviaqa_sfq_12214,The ESA was 35 years old in 2010. For what does the S stand?,Space,Space|Physical space|Space (astronomy)|Three-Space|Space (physics)|Space (philosophy)|Geometrical space,,,rc.nocontext,validation,sfq_12214
triviaqa,triviaqa_sfq_20339,What is the principal charity for single parent families in the UK?,Gingerbread,Gingerbread|Gingerbread cookie,,,rc.nocontext,validation,sfq_20339
triviaqa,triviaqa_bt_4210,Who were the first League Cup winners,Aston Villa,Aston Villa|Aston Villa F.C|Aston Villa FC|Villa News and Record|Aston Villa F C|Aston vil|Aston Villa F. C.|Aston Villa Football Club|Villa football club|Aston Villa Hall of Fame|Aston Villa F.C.,,,rc.nocontext,validation,bt_4210
triviaqa,triviaqa_qz_2289,Wayne Rooney scored his first senior goal against which club?,Arsenal,Arsenal|Arsenal (weaponry)|Arsenal (ammunition),,,rc.nocontext,validation,qz_2289
triviaqa,triviaqa_qz_3152,Who is Arthur Wellesley better known as?,Duke of Wellington,"Duke of Wellington|First Duke of Wellington|General Wellington|Arthur Wellesley , 1st Duke of Wellington|Duke of Wellingon (1st)|Arthur Wellesley Wellington|The Iron Duke|Arthur Wellesly, 1st Duke of Wellington|Lord Wellington|Duke Wellington|The Duke of Wellington|Duke of Vitoria|Duke of Wellington Arthur Wellesley|Arthur Wellesley, First Duke of Wellington|Marquess of Wellington|Viscount Wellington|Arthur Wellesley, 1st Duke of Wellington|Duke of Wellington Great Duke|Earl of Wellington|1st Duke of Wellington",,,rc.nocontext,validation,qz_3152
triviaqa,triviaqa_odql_206,The existance of which planet was mathematically,NEPTUNE,NEPTUNE,,,rc.nocontext,validation,odql_206
triviaqa,triviaqa_qz_611,What are the names of Donald Duck's three nephews?,"Huey, Dewey and Louie","Huey, Dewey and Louie|Huey, Louie and Dewey|Huey , Dewey and Louie|Huey, Dewey & Louie|Huey Duck|Huey, Duey and Louie|Louie Duck|Huey, Dewey, and Louie|Huey dewey and louie|Dewey Duck|Huey, Dewey, & Louie|Huey, Duey, and Louie|Huey, Dewey and Louie filmography|Huey, Dewey, and Louie Duck|Huey, Duey, and Louis|Huey, Dewey|Huey dewie and louie|Huey, Dewey and Louie Duck",,,rc.nocontext,validation,qz_611
triviaqa,triviaqa_qg_547,Kirkland Signature is the house brand of what retail giant?,Costco,Costco|Costco.com|The Costco Wholesale Corporation|Costco Wholesale|Costco Wholesale Corporation|Costco Wholesale Club|Costco Inc.|Costco cash|Price-Costco|Costco Connection|Costco Co.|Costco Wholesale Corp|Costco Wholesale Corp.|Costco travel|The Costco Connection,,,rc.nocontext,validation,qg_547
triviaqa,triviaqa_bt_4413,Who was the original bass guitarist with The Who,John Entwhistle,John Entwhistle|John Entwistle's|John Entwistle Bogey Man|John Alec Entwistle|John Entwistle,,,rc.nocontext,validation,bt_4413
triviaqa,triviaqa_sfq_8726,"What name is given to the bridge design, such as Tower Bridge, with a divided lifting roadway?",BASCULE,BASCULE|Bascule (disambiguation),,,rc.nocontext,validation,sfq_8726
triviaqa,triviaqa_dpql_345,On a motorway what is the speed limit for a car towing a caravan?,60 mph,60 mph,,,rc.nocontext,validation,dpql_345
triviaqa,triviaqa_qw_6697,What is the name of the line separating the numerator and denominator of a fraction if it is written as a diagonal line?,Solidus,Solidus|Solidus Line|Solidus (disambiguation),,,rc.nocontext,validation,qw_6697
triviaqa,triviaqa_sfq_15113,The flag of the Great Socialist People's Libyan Arab Jamahiriya was what single colour?,Green,Green|Green (color)|The colour green|List of terms associated with the color green|The color green|Pastel green|Green (colour),,,rc.nocontext,validation,sfq_15113
triviaqa,triviaqa_sfq_17706,Ursus arctos horribilis is the scientific name of which animal?,GRIZZLY BEAR,"GRIZZLY BEAR|Silvertip Bear|Mainland grizzly|Grizzley bear|American Grizzly Bear|Grizzlie bear|Grizzly bears and their habitat|Peninsular grizzly|Hunting Status On Grizzly Bears in British Columbia, Canada|Grizzly|Grizzly bears|American Grizzly|Grizzly Bears and Their Effects on Ecosystems|Grizzlar Bear",,,rc.nocontext,validation,sfq_17706
triviaqa,triviaqa_wh_2999,Which of the Noble Gases takes its name from the Greek for 'hidden' ?,KRYPTON,KRYPTON|KRYPTON (Programming Language)|KRYPTON programming language,,,rc.nocontext,validation,wh_2999
triviaqa,triviaqa_sfq_13492,Which popular newsreader resigned from ITN in 1979?,REGINALD BOSANQUET,REGINALD BOSANQUET,,,rc.nocontext,validation,sfq_13492
triviaqa,triviaqa_sfq_19838,Which play by Sir Peter Shaffer was made into a film with Tom Hulce in the title role?,AMADEUS,AMADEUS|Amadeus (play),,,rc.nocontext,validation,sfq_19838
triviaqa,triviaqa_dpql_5620,In which city was the wheelchair bound Robert Ironside Chief of detectives?,San Francisco,"San Francisco|San Fransciso|San francisco radio stations|The weather in San Francisco|San Fransisco, California|San Francisco (City and County)|San Francisco County, California|San Francisco, CA, United States|More reading about San Francisco|San Franciscan|San Franciscans|San Francisco, Calif|San-Fransisco|City & County of San Francisco|San Francisco County, CA|San Francisco, California, U.S.|San Fransisco CA|San Francisco county|San Francisco (county)|San Francisco City and County|San Pancho|Climate of San Francisco|San-Francisco|San Francisco, California, United States|San Francisco, California, USA|San Fran|San Francisco (Calif.)|San Francisco, California|San Francisco, CA.|Radio stations in san francisco|San Fransico County, California|San Francisco, Calif.|Demographics of San Francisco|San Francisco, United States of America|County of San Francisco|San Francisco, CA|San Francisco, California, U.S.A.|San Francisco, US-CA|San Francisco CA|City of San Francisco, California|San Francisco (CA)|San Fran, California|City and County of San Francisco, California|San Fransico, California|San Franscisco|City of San Francisco|County of San Francisco, California|San Francisco, California, US|San Franciso|San Fransisco|San Francisco, USA|Crime in San Francisco|City and County of San Francisco|San Francisco, United States|McKinley Elementary School San Francisco|San Fransisco, CA|San Fransico",,,rc.nocontext,validation,dpql_5620
triviaqa,triviaqa_odql_14427,What is the name of the UK Women's Prize for Fiction?,THE ORANGE PRIZE,THE ORANGE PRIZE|Baileys Women's Prize for Fiction|Women's Prize for Fiction|Orange Broadband Prize|Orange Broadband Prize for Fiction|Orange Prize|Orange Prize for Fiction,,,rc.nocontext,validation,odql_14427
triviaqa,triviaqa_bb_7609,What is the name of the assembly of cardinals for the election of a pope?,Conclave,Conclave|Papal conclave|Sacred Conclave,,,rc.nocontext,validation,bb_7609
triviaqa,triviaqa_qz_1725,Who dated actress Elizabeth Hurley between 2000 and 2001 and denied he was the father of her son born in 2002 before a DNA test proved otherwise?,Stephen Bing,Stephen Bing|Steve bing|Steven Bing,,,rc.nocontext,validation,qz_1725
triviaqa,triviaqa_qb_1030,Which famous racehorse won Australia’s Melbourne Cup in 1930?,Phar Lap,Phar Lap|Phar,,,rc.nocontext,validation,qb_1030
triviaqa,triviaqa_sfq_3798,The John Brown Shipyard is/was on which river?,Clyde,Clyde|Clyde (disambiguation),,,rc.nocontext,validation,sfq_3798
triviaqa,triviaqa_bb_5000,The expression 'Go West' originally (mid-1800s) encouraged people to move from/within?,America,"America|The United States of America|Unite states of america|United States of America (redirect)|Usa|United Staets of America|The United States of America.|The U. S. of America|America (United States)|U S of America|U-S|United states of america|US of america|Untied States of America|The U S of America|Estados Unidos de America|The U.S. of America|United State of America|Los Estados Unidos de America|United States (of America)|States of America|America-class|VS America|US|United States of America (U.S.A.)|America class|America magazine|U S|United States of America (USA)|United States of America.|United States of America/OldPage|U.S. of America|U–S|America (country)|United States America|America, United States of|U. S. of America|U.S. America|America (US)|U.S|America (United States of)|The US of america|US America|These United States of America|America (USA)|United States of America/Introduction|V.S. America|United+States+of+America|The Unites States of America",,,rc.nocontext,validation,bb_5000
triviaqa,triviaqa_qz_5801,What was the name of the World War I fighter ace nicknamed the Red Baron?,Manfred von Richtofen.,"Manfred von Richtofen.|Manfred Albrecht Freiherr von Richthofen|Baron Manfred Albrecht von Richthofen|Manfred von Richtoven|Baron von Richtoven|Baron von Ricktoven|Manfred von Richthofen (The Red Baron)|Baron von Richthoven|Manfred Von Richthofen|Manfred von Richtofen|Manfred Albrecht von Richthofen|Manfred von Rickthoven|Manfred, Freiherr von Richthofen|Manfred von Rickthofen|Richthofen, Manfred, Freiherr von|Manfred von Richthoven|Baron Manfred von Richtofen|Baron Manfred von Richtoven|Baron Manfred von Rickthoven|Baron Manfred von Ricktoven|Baron Manfred von Rickthofen|Manfred von Ricktoven|Baron von Rickthofen|Baron Manfred von Richthofen|Baron Von Richtofen|Baron von Rickthoven|Baron Manfred von Richthoven",,,rc.nocontext,validation,qz_5801
triviaqa,triviaqa_qf_630,What is the name of the island in Norway where over 80 people lost their lives to a gunman on 22nd July?,Utoya Island,Utoya Island|Utoeya island|Utoya,,,rc.nocontext,validation,qf_630
triviaqa,triviaqa_dpql_5208,"In a famous and popular series of books, what rests on the back of four giant elephants?",DISCWORLD,DISCWORLD|Great Atuin (Discworld)|The Folklore of Discworld|The Discworld|Discworld calendar|List of characters in Discworld|Folklore of Discworld|List of characters in the Discworld|Discworld (world)|Discworld magic|Magic (Discworld),,,rc.nocontext,validation,dpql_5208
triviaqa,triviaqa_qb_4235,In the Charles Dickens novel ‘Oliver Twist’ what is the name of Bill Sykes dog?,Bulls Eye,Bulls Eye,,,rc.nocontext,validation,qb_4235
triviaqa,triviaqa_qg_2410,The Tour de France always ends in Paris. In what European city did it begin this year?,Monaco,"Monaco|Principauté de Monaco|Princedom of Monaco|Extreme points of monaco|Geography of monaco|Monaco, Principality and Diocese of|Climate of Monaco|Sports in Monaco|Religion in Monaco|Subdivisions of Monaco|Monaco/Geography|Europe/Monaco|Culture of Monaco|Protestantism in Monaco|Monaco/Military|Capital of Monaco|Principaut de Monaco|Administrative divisions (Monaco)|List of cities in Monaco|Islam in Monaco|The weather in Monaco|Principality of Monaco|Principato di Monaco|Principality and Diocese of Monaco|Wards of Monaco|Administrative divisions of Monaco|Quarters of Monaco|Monaco/Transnational issues|Sport in Monaco",,,rc.nocontext,validation,qg_2410
triviaqa,triviaqa_sfq_18732,"Which town stands on the River Aare, between the lakes of Brienz and Thun?",Interlaken,"Interlaken|Interlaken (Bern)|Interlaken (Berne)|Interlaken, Switzerland|Interlaken BE",,,rc.nocontext,validation,sfq_18732
triviaqa,triviaqa_qw_6112,"What is a name for a type of private club in city outskirts or rural areas that usually offers a variety of recreational sports facilities such as golf, tennis, swimming and polo?",Country club,Country club|Golf club (institution)|Tropicana Country Club|Country clubs,,,rc.nocontext,validation,qw_6112
triviaqa,triviaqa_sfq_10001,Which month of the year came second in the Roman calendar?,April,April|㋃|April 31|31 April|April (month),,,rc.nocontext,validation,sfq_10001
triviaqa,triviaqa_bb_5700,"Introduced in 1894 and one of the world's oldest trademarks, Bibendum is better known as what?",The Michelin Man,The Michelin Man|Michelin Man,,,rc.nocontext,validation,bb_5700
triviaqa,triviaqa_qb_8254,How many ‘Triangles’ are there on the logo of car manufacturer BMW?,Four,Four|4,,,rc.nocontext,validation,qb_8254
triviaqa,triviaqa_qw_808,"What is the next in the series: 1, 16, 81, 256, 625 ?",1296,"1296|one thousand, two hundred and ninety-six",,,rc.nocontext,validation,qw_808
triviaqa,triviaqa_sfq_22210,"Which businessman on his elevation to the House of Lords, by Gordon Brown, in 2000, took the title Baron of Clapton?",Alan Sugar,"Alan Sugar|Alan Michael Sugar|Alan Sugar, Baron Sugar|Barron sugar of clapton|The Lord Sugar|Sir Alan Sugar, Baron Sugar|Sir Alan Sugar|Alan Michael Sugar, Baron Sugar|Lord Sugar|Baron Sugar of Clapton|Sir alan|Barron Sugar|Sir Alan Michael Sugar|Baron Sugar|Alan Sugar, Baron Sugar of Hackney|Lord Alan Sugar",,,rc.nocontext,validation,sfq_22210
triviaqa,triviaqa_odql_1078,"Which 19th century British novelist, who worked as a Surveyor for the Post Office, was reputedly instrumental in the introduction of the pillar box in 1852?",ANTHONY TROLLOPE,ANTHONY TROLLOPE|A Trollope|Anthony Trollop,,,rc.nocontext,validation,odql_1078
triviaqa,triviaqa_dpql_2849,Mrs Darrell Waters books were translated into 120 languages. What was her pen name?,Enid Blyton,"Enid Blyton|Blyton, Enid|Enid Blyton's Short-Stories|Enid Bylton|Enid Mary Blyton|Enid Blighton|Enid Blyton's short stories",,,rc.nocontext,validation,dpql_2849
triviaqa,triviaqa_qg_3321,"What noted English chemist and physicist, born on Sept 22, 1791, is responsible for the electromagnet and has the SI unit of capacitance named for him?",Michael Faraday,Michael Faraday|Michael farraday|M. Faraday|Michael Farady|Faraday death|Micheal Faraday,,,rc.nocontext,validation,qg_3321
triviaqa,triviaqa_odql_9905,"In 1986, whilst facing England which West Indian batsman scored the fastest ever Test century in just 56 balls?",VIV RICHARDS,"VIV RICHARDS|Sir Vivian Richards|Isaac Vivian Alexander Richards|IVA Richards|Sir Isaac Vivian Alexander Richards, KNH|Vivian Richards|Sir Isaac Vivian Alexander Richards KNH|Sir Isaac Vivian Alexander Richards|Sir Viv Richards|Sir Viv",,,rc.nocontext,validation,odql_9905
triviaqa,triviaqa_bb_1194,"In November 1935, which British prime minister returned to office after a general election?",Stanley Baldwin,"Stanley Baldwin|Stanley, 1st Earl Baldwin of Bewdley Baldwin|Stanley Baldwin, 1st Earl Baldwin of Bewdley, KG, PC|Stanley, 1st Earl Baldwin of Bewdley, Viscount Corvedale of Corvedale Baldwin|Stanley Baldwin, 1st Earl Baldwin of Bewdley|Baldwin, Stanley, 1st Earl Baldwin of Bewdley",,,rc.nocontext,validation,bb_1194
triviaqa,triviaqa_qb_6552,The Suez Canal joins the Red Sea and which other body of water?,Mediterranean Sea,Mediterranean Sea|West Mediterranean|Pollution of the Mediterranean Sea|Mediterannean Sea|Mediterranian Sea|Western Mediterranean|Meditterranean sea|Mediterrannean Sea|Mediterranean coast|Mediterranium sea|Med sea|Overfishing in the Mediterranean Sea|Mediteranean sea|Mediterranean Countries|Roman Sea|Méditerranean Sea|Tourism in the Mediterranean region|Sea of Mediterranea|Mediterranean|Mediterranean Ocean|Roman Mediterranean,,,rc.nocontext,validation,qb_6552
triviaqa,triviaqa_dpql_2139,Which “Thom” is Radiohead’s lead singer and principal songwriter?,Thom Yorke,"Thom Yorke|Thomas Edward Yorke|Yorke, Tom (Radiohead)|Yorke, Thom (Radiohead)|Thom York (musician)|Thom York|Thom Yorke (Radiohead)|Thom Yorke (musician)|Thom E. Yorke|Yorke, Tom|Yorke, Thom|York, Thom|Thom York (Radiohead)|Tom Yorke|Tom Yorke (musician)|York, Thom (Radiohead)|Tom Yorke (Radiohead)|Yorke (Radiohead)",,,rc.nocontext,validation,dpql_2139
triviaqa,triviaqa_sfq_223,What was the name of the type of art particularly associated with Salvador Dali?,Surrealism,Surrealism|History of surrealism|Surrealism in the arts|Surrealism (art)|Surrealism in the United States,,,rc.nocontext,validation,sfq_223
triviaqa,triviaqa_sfq_13790,Coxa is the medical name for which joint of the human body?,HIP,HIP|Hip (disambiguation),,,rc.nocontext,validation,sfq_13790
triviaqa,triviaqa_bb_4773,"G-BOAG, G-BOAC, and F-BVFC and the tragic F-BTSC designated what iconic 20thC invention?",Concorde,Concorde|Concorde SST|BAC Concorde|Concorde (aeroplane)|Concorde (plane)|Aerospatiale Concorde|Concorde (airplane)|Aerospatiale-BAC Concorde|Airbus Concorde|Aerospatiale-British Aerospace Concorde|Son of Concorde|Aerospatiale-BAC Concorde SST|Aérospatiale/British Aerospace Concorde|Bae/Aerospatiale Concorde|Bae/Aérospatiale Concorde|Aérospatiale-BAC Concorde|The Concorde|Aerospatiale/BAC Concorde 206|Aérospatiale Concorde,,,rc.nocontext,validation,bb_4773
triviaqa,triviaqa_odql_5478,The painting 'Faithful Unto Death' can be found in Liverpool's Walker Art Gallery. Who painted it?,SIR EDWARD JOHN POYNTER,"SIR EDWARD JOHN POYNTER|Sir Edward Poynter, 1st Baronet|Edward Poynter|Edward John Poynter|Sir Edward Poynter|EJ Poynter",,,rc.nocontext,validation,odql_5478
triviaqa,triviaqa_jp_1403,What country does Waterford crystal come from?,Ireland,Ireland|Island ireland|Ireland (region)|West Coast of Ireland|The island of Ireland|Ireland (island)|Ireland Ulster|Population of Ireland|Ireland and Ulster|Symbol of Ireland|Island of Ireland,,,rc.nocontext,validation,jp_1403
triviaqa,triviaqa_jp_931,What boy with a girl's name was sung about by Johnny Cash?,Sue,Sue|Sue (disambiguation),,,rc.nocontext,validation,jp_931
triviaqa,triviaqa_sfq_25402,"What was the name of the character played by Michael Caine in a total of five films, the first of which was ‘The Ipcress File’?",Harry Palmer,"Harry Palmer|Palmer, Harry",,,rc.nocontext,validation,sfq_25402
triviaqa,triviaqa_qb_7207,How many times did Actress Zsa Zsa Gabor marry?,Nine,Nine|9,,,rc.nocontext,validation,qb_7207
triviaqa,triviaqa_qg_460,"What famed British naturalist, born on Feb 12, 1809, wrote a book famously subtitled ""the Preservation of Favoured Races in the Struggle for Life""?",Charles Darwin,"Charles Darwin|Charles R. Darwin|Www.darwin200.org.uk|Charles R Darwin|Darwin200|Darwin 200|Charles Darwin's|CR Darwin|C. R. Darwin|Charles Robert Darwin|Chuck Darwin|C darwin|Mary Darwin|Darwin, Charles|Charels darwin",,,rc.nocontext,validation,qg_460
triviaqa,triviaqa_wh_3978,Which English producer and screenwriter is responsible for the creation of the fictional school Grange Hill ?,Phil REDMOND,Phil REDMOND|Phillip redmond,,,rc.nocontext,validation,wh_3978
triviaqa,triviaqa_bb_8736,Yukio Hatoyama was sworn in as the sixtieth prime minister of which country?,Japan,Japan|日本國|State of Japan|Modern–era Japan|Etymology of Japan|Japan (country)|Republic of Japan|日本|The State of Japan|JPN|日本国|🗾,,,rc.nocontext,validation,bb_8736
triviaqa,triviaqa_qz_4945,Which South African fast bowler had the nickname White Lightning,Allan Donald,Allan Donald|Allan Anthony Donald,,,rc.nocontext,validation,qz_4945
triviaqa,triviaqa_dpql_1607,Clyde Tombaugh discovered which celestial object in our solar system in 1930?,PLUTO,PLUTO|Operation PLUTO,,,rc.nocontext,validation,dpql_1607
triviaqa,triviaqa_dpql_1384,Who created the ‘A’ Line in 1955?,Christian Dior,Christian Dior|Dior Monsieur,,,rc.nocontext,validation,dpql_1384
triviaqa,triviaqa_qb_9129,"Who designed the red telephone box, which first appeared in London in 1926?",Sir Giles Gilbert Scott,"Sir Giles Gilbert Scott|Sir Giles Gilbert Scott, OM, FRIBA|Giles Gilbert Scott",,,rc.nocontext,validation,qb_9129
triviaqa,triviaqa_odql_10846,What is the family home of the Spencer family for over 500 years?,Althorp,"Althorp|Althorp House|Althorp, Northamptonshire",,,rc.nocontext,validation,odql_10846
triviaqa,triviaqa_dpql_5135,What 17th- and 18th-century weapon was a short flintlock gun with a large bore?,BLUNDERBUSS,BLUNDERBUSS|Blunderbuss pistol|Iron blunderbuss,,,rc.nocontext,validation,dpql_5135
triviaqa,triviaqa_sfq_16531,With which pop group is Lou Reed associated?,Velvet Underground,Velvet Underground|The Velvet Underground,,,rc.nocontext,validation,sfq_16531
triviaqa,triviaqa_dpql_2667,The word sacerdotal means relating to what?,The Priesthood,The Priesthood|Priesthood,,,rc.nocontext,validation,dpql_2667
triviaqa,triviaqa_bb_1886,"What is the climate change agreement aimed at stabilizing greenhouse gas levels in the atmosphere, named after the Japanese city in which participating nations agreed its framework in 1997?",Kyoto Protocol,Kyoto Protocol|Kyoto Protocol to the United Nations Framework Convention on Climate Change|Kioto protocol|Kyoto Treaty|Opposition to the Kyoto Protocol|Kyoto Conference on Climate Change|Kyoto Climate Change Treaty|Kyoto Protocol on Global Warming|Kyoto accord|Kyoto-Protocol|Doha amendment to the Kyoto Protocol|The Kyoto Protocol|Kyoto protocols|Kyōto Protocol|Kyoto Accords|Kyoto agreement|Kyoto Mechanisms|Kyoto Credits|Koyoto protocol|Kyoto Pact|Climate Change-Kyoto Protocol|Conference of the Parties (Kyoto Protocol)|1997 Kyoto Protocol|Kyoto Protocal,,,rc.nocontext,validation,bb_1886
triviaqa,triviaqa_sfq_24848,H'Angus the Monkey is the mascot of which English football club?,Hartlepool United,Hartlepool United|Hartlepool F.C.|Hartlepools United FC|Hartlepool Utd|Hartlepool Utd.|Hartlepool Football Club|Hartlepool United F.C.|Hartlepool United Football Club|Hartlepools United F.C.|Hartlepool United F C|Hartlepool United FC|Hartlepools United|Hartlepool United F.C|Hartlepool FC,,,rc.nocontext,validation,sfq_24848
triviaqa,triviaqa_qw_11743,"Which Spaniard, from 1518, overcame Montezuma, captured Mexico City and became Governor-General of much of Mexico?",Hernando Cortes,"Hernando Cortes|Hernando Cortés|Cortes the conquistador|Hernando cortez|Hernan Cortes de Monroy Pizarro|Hernan Fernando Cortes|Hernan Cortes|Hernán Cortes|Hernando Cortes de Monroy Pizarro, 1st Marques del Valle de Oaxaca|Hernan Cortes de Monroy Pizarro, 1st Marques del Valle de Oaxaca|Hernando Cortéz|Hernan, Marques Del Valle de Oaxaca Cortes|Hernando Cortes de Monroy Pizarro|Hernando Cortes (explorer)",,,rc.nocontext,validation,qw_11743
triviaqa,triviaqa_qg_3670,"What kind of singing, from the Italian for Manner of the Church, features singers without any musical accompaniment?",A capella,A capella|A-capella|Capella music,,,rc.nocontext,validation,qg_3670
triviaqa,triviaqa_bb_8442,Gwyl San Steffan is the name for 26th December (St Stephen's Day or Boxing Day) in which country?,Wales,"Wales|Climate of Wales|Autonomous Province of Wales|Cymru / wales|Rain in Wales|Wales, UK|Etymology of Wales|Wales, United Kingdom|Communications in Wales|The Principality of Wales|Wales, U.K.",,,rc.nocontext,validation,bb_8442
triviaqa,triviaqa_sfq_1538,What was the name of the home of the Norse gods?,Asgard,Asgard,,,rc.nocontext,validation,sfq_1538
triviaqa,triviaqa_sfq_22152,"Name the year in which Driving Miss Daisy won the Best Picture Oscar, Mikhail Gorbachev is elected as the first executive President of the Soviet Union and Iraq invaded Kuwait?",1990,"1990|one thousand, nine hundred and ninety",,,rc.nocontext,validation,sfq_22152
triviaqa,triviaqa_qw_9600,Which golf club is designed to hit the ball the furthest distance?,Driver,Driver|Driver (disambiguation)|Driver (film)|Key driver,,,rc.nocontext,validation,qw_9600
triviaqa,triviaqa_odql_12874,Which world war 2 German SS captain and Gestapo member was known as ‘The Butcher of Lyon”?,(Klaus) Barbie,(Klaus) Barbie|Nickolas Barbie|Klaus Barbie|Nikolaus Barbie Jr.|Klaus Barbi|Barbie klaus|Nikolaus Barbie|Barbie Trial|Claus Barbie|Klaus Altmann,,,rc.nocontext,validation,odql_12874
triviaqa,triviaqa_qg_848,Star Trek: TOS was cancelled in 1969 after how many years on the air?,3,3|three,,,rc.nocontext,validation,qg_848
triviaqa,triviaqa_sfq_14892,Precisely where were the Winter Olympics of 1932 and 1980 both held?,Lake Placid,Lake Placid|Lake Placid (disambiguation),,,rc.nocontext,validation,sfq_14892
triviaqa,triviaqa_qg_2955,"Starting 30 years of conflict, the Eritrean War of Independence broke out on Sept 1, 1961, as Eritrean separatists fought for independence from what country?",Ethiopia,Ethiopia|The Democratic Republic Of Ethiopia|Federal Democratic Republic of Ethiopia|Prehistory of Ethiopia|Names of Ethiopia|Name of Ethiopia|Etymology of Ethiopia|Federal Republic of Ethiopia,,,rc.nocontext,validation,qg_2955
triviaqa,triviaqa_qf_2121,The male lead roll was played by whom in the 2001 film Moulin Rouge?,Ewan McGregor,Ewan McGregor|Euan Mcgregor|Ewen McGregor|Filmography of Ewan McGregor|Evan Mcgregor|Ewan MacGregor|Ewan Gordon McGregor|Ewan Macgreggor|Ewan mcgreggor|Ewan magregor|Ewan McGregor filmography,,,rc.nocontext,validation,qf_2121
triviaqa,triviaqa_odql_3223,Who was the founder of the 'Mormon Church'?,JOSEPH SMITH,"JOSEPH SMITH|Joseph Smith Junior|Criticism of Joseph Smith|Joseph Smith (the Mormon Prophet)|Smith, Joseph|Joseph Smith, Jun.|Joseph Smith Jun.|Criticism of Joseph Smith Jr.|Joseph Smith, Junior|Prophet Joseph Smith|Joseph Smith, presidential campaign 1844|Joseph Smith, Jr|Joseph Smith, Jr.|Joseph smiht|Jospeh Smith|Jopseph smith|Joseph Smith Jr.|List of monuments and memorials of Joseph Smith, Jr.|Joseph Smith (Mormon Prophet)|Joseph Smith Jr|Criticism of Joseph Smith, Jr.",,,rc.nocontext,validation,odql_3223
triviaqa,triviaqa_sfq_15417,Which duo had a hit album entitled Sweet Dreams (Are Made of This)?,EURYTHMICS,EURYTHMICS|Eurythmics (band)|The Eurythmics,,,rc.nocontext,validation,sfq_15417
triviaqa,triviaqa_qb_8228,"In Greek mythology, how many heads does Cerberus, the dog who guards the entrance to Hades, usually have?",Three,Three|3,,,rc.nocontext,validation,qb_8228
triviaqa,triviaqa_qb_3073,In which South American country does Angostura Bitters originally come from?,Venezuela,"Venezuela|Venezuela, RB|Republica de Venezuela|The Bolivarian Republic Of Venezuela|Bolivarian Republic of Venezuela|Republica Bolivariana de Venezuela|Republic of Venezuela|República Bolivariana de Venezuela|Etymology of Venezuela|VEN|Venezuela (Bolivarian Republic of)|BRV|Venezuela, Bolivarian Republic of|Name of Venezuela",,,rc.nocontext,validation,qb_3073
triviaqa,triviaqa_wh_752,Which was the first commercial jet airliner to go into service in the UK?,COMET,COMET|☄|Long period comet|Tail (comet)|Dark comet|Short-period comet|Halley-type comet|Long-period comet|Comet Tails|Jupiter-family comet|Jupiter family comet|A1 comet|Coma (comet),,,rc.nocontext,validation,wh_752
triviaqa,triviaqa_sfq_6987,In which field of the arts has American born Annie Leibovitz achieved fame?,PHOTOGRAPHY,"PHOTOGRAPHY|Pet photography|Photography as an art form|Commercial photography|Art Photography|Early photography|Photography, History of|Photography techniques|Photography business|Technology of Photography|Yachting photography",,,rc.nocontext,validation,sfq_6987
triviaqa,triviaqa_wh_1193,Which 18th century stately home is situated one mile south of Woodstock in Oxfordshire?,BLENHEIM PALACE,BLENHEIM PALACE|Blenham Palace|Blennhem palace|Blenheim Park|Blenhem palace|Blenheim Castle|The Pipe Organs of Blenheim Palace|Pipe organs of Blenheim Palace,,,rc.nocontext,validation,wh_1193
triviaqa,triviaqa_sfq_2305,In the Bible who was the mother of King Solomon?,Bathsheba,Bathsheba|Bathsheba at her Bath|Bathsheba at Bath|David and bathsheba|Bathsheba with King David's Letter,,,rc.nocontext,validation,sfq_2305
triviaqa,triviaqa_sfq_559,Glenn Miller played which musical instrument?,Trombone,Trombone|Trombone (instrument)|Trombone slide|Trombone position|Trombone smear|Slide trombone|The Trombone,,,rc.nocontext,validation,sfq_559
triviaqa,triviaqa_qg_2134,"On July 4,1817, construction began on what canal, linking the Great Lakes to the Hudson River, and ultimately, the Atlantic ocean?",Erie Canal,"Erie Canal|Lock 8, Erie Canal|Lock 29, Erie Canal|Lock 28A, Erie Canal|Lock 18, Erie Canal|Lock 2, Erie Canal|Lock 5, Erie Canal|Lock 10, Erie Canal|Lock 24, Erie Canal|Lock 30, Erie Canal|Eire Canal|Lock 9, Erie Canal|Lock 23, Erie Canal|Lock 17, Erie Canal|Lock 11, Erie Canal|Lock 35, Erie Canal|Lock 15, Erie Canal|Lock 32, Erie Canal|Eerie Canal|Lock 4, Erie Canal|Lock 28B, Erie Canal|Lock 21, Erie Canal|Lock 3, Erie Canal|Lock 16, Erie Canal|Lock 13, Erie Canal|Lock 26, Erie Canal|Lock 20, Erie Canal|Lock 33, Erie Canal|Lock 27, Erie Canal|Lock 12, Erie Canal|Lock 19, Erie Canal|Lock 34, Erie Canal|Lock 22, Erie Canal|Lock 25, Erie Canal|Lock 6, Erie Canal|Lock 7, Erie Canal",,,rc.nocontext,validation,qg_2134
triviaqa,triviaqa_sfq_7430,What was the name of the family in the 1960s TV series `Upstairs Downstairs'?,BELLAMY,BELLAMY|Bellamy (disambiguation),,,rc.nocontext,validation,sfq_7430
triviaqa,triviaqa_odql_6097,Franco Alfano completed which Puccini opera after the composers death in 1924?,'TURANDOT','TURANDOT',,,rc.nocontext,validation,odql_6097
triviaqa,triviaqa_qg_2050,"Nostradamus “Bull” Shannon, who also wrote a children’s book entitled Puff the Flesh Eating Dragon, was a bailiff on what long running NBC comedy?",Night Court,Night Court|Night Court (TV series),,,rc.nocontext,validation,qg_2050
triviaqa,triviaqa_wh_122,Over how many complete furlongs is the Chester Cup now run?,EIGHTEEN,EIGHTEEN|18,,,rc.nocontext,validation,wh_122
triviaqa,triviaqa_qw_5351,"Quantrill's Raiders, a loosely organised force of Partisan rangers under the leadership of William Clarke Quantril, fought in which war?",American Civil War,"American Civil War|Civil War in the United States|USA civil war|United States civil war|Civil war usa|Civil War (US)|War of the States|Civil War (U.S. history)|Us Civil war|The War of Northern Agression|Buchanan's War|Civil War (American)|American Secession War|Secession War|U.S. Civil War|Civil War (United States)|The us civil war|Civil War Era|The American Civil War|The U.S. Civil War|The War Between the States|Secession, War of|Civil War States|Civil War of the United States|American States Secession War|Civil War, American|Civil War (U.S.)|Civil war of the us|The War of the Rebellion|American sivil war|U S Civil War|U. S. Civil War",,,rc.nocontext,validation,qw_5351
triviaqa,triviaqa_dpql_4234,Which 1962 ecological classic was written by Rachel Carson?,Silent Spring,Silent Spring|Slient spring|The Silent Spring,,,rc.nocontext,validation,dpql_4234
triviaqa,triviaqa_qz_1291,In which year did St George die?,303,303|three hundred and three,,,rc.nocontext,validation,qz_1291
triviaqa,triviaqa_sfq_7904,"Edward Stanley served three terms as Prime Minister in the 19th century, he was known by what title?",Earl of Derby,"Earl of Derby|The Earl of Derby|Earls of Derby|Lord Stanley, Earl of Derby|Lord Derby",,,rc.nocontext,validation,sfq_7904
triviaqa,triviaqa_qw_3664,"Who has been President of France twice, but never been elected to the position?",Alain Poher,Alain Poher,,,rc.nocontext,validation,qw_3664
triviaqa,triviaqa_bb_8828,The Estoril Grand Prix circuit is in which European country?,Portugal,Portugal|Republic of Portugal|Portugalėjė,,,rc.nocontext,validation,bb_8828
triviaqa,triviaqa_sfq_19282,Blue Gum and Ironbark are species of which genus of Australian tree?,Eucalyptus,Eucalyptus|Eucalyptus tree|Eucalyptus spp.,,,rc.nocontext,validation,sfq_19282
triviaqa,triviaqa_qg_581,Rickets is caused by a lack of what essential element?,Calcium,Calcium|Calcium supplements|Calcium ion|Calcium ions|Calcium compounds|Calcium Supplement|Calcium supplementation,,,rc.nocontext,validation,qg_581
triviaqa,triviaqa_qw_879,"Which Scotsman was given a ship by Americans to harass English shipping near Great Britain, and later became an admiral in the Russian Navy of Catherine The Great?",John Paul Jones,John Paul Jones|Paul Jones (pirate)|John Paul Jones (sailor)|Captain John Paul Jones,,,rc.nocontext,validation,qw_879
triviaqa,triviaqa_bb_362,"London's city bike rental scheme, which launched in 2010, is based on the Bixi project which introduced bike rental to which city?",Montreal,"Montreal|Montreal, QB|Montreal, Que.|Montreal, PQ|Montreal, QC|Montreal, quebec|Montreal, Canada|Sister Cities of Montreal|Montreal (QC)|Montreal, Quebec, Canada|Montreal Skyline|Ville de Montreal|Montreal, Québec|City of Montreal|Montreal, Qc, Canada|The weather in Montreal",,,rc.nocontext,validation,bb_362
triviaqa,triviaqa_sfq_25100,"As well as gold, silver and platinum, objects made of what other material have to be hallmarked by an Assay Office?",PALLADIUM,PALLADIUM|The Palladium,,,rc.nocontext,validation,sfq_25100
triviaqa,triviaqa_odql_4941,"The novels 'Dead Heat', 'Silks' and 'Even Money' were written by Dick Francis and his younger son. What is his son's first name?",FELIX,FELIX|Felix (disambiguation),,,rc.nocontext,validation,odql_4941
triviaqa,triviaqa_odql_4632,Charles Rennie Mackintosh was a leading exponent of which art movement around the 1900's?,ART NOUVEAU,ART NOUVEAU|Art-Nouveau|Art noveau|Art Nouveau Jewellery,,,rc.nocontext,validation,odql_4632
triviaqa,triviaqa_sfq_19,"On which island is the city of Knossos, once the capital of the ancient Minoan civilisation?",CRETE,"CRETE|Geography of Crete|Crete (Greece)|Crete, Greece|Island of Crete, Greece|Crete Periphery",,,rc.nocontext,validation,sfq_19
triviaqa,triviaqa_odql_12890,Dame Judi Dench and which other actress played the Widdington sisters in the 2004 film Ladies in Lavender?,Maggie Smith,"Maggie Smith|Dame Maggie Smith|Dame Maggy Smith|Maggy Smith|Dame Margaret Natalie Smith|Dame Margaret Natalie Smith Cross|Dame Margaret Natalie Smith Cross, DBE|Margaret Natalie Smith Cross|Margaret Natalie Smith Cross, DBE|Dame Margaret Natalie Smith Cross DBE|Dame Smith|Dame M. N. Smith|Dame Margaret Smith",,,rc.nocontext,validation,odql_12890
triviaqa,triviaqa_qf_2590,Who wrote the novel Cider With Rosie?,Laurie Lee,Laurie Lee,,,rc.nocontext,validation,qf_2590
triviaqa,triviaqa_wh_2456,Russia's TU-144 plane was the broad equivalent of which western airliner?,CONCORDE,CONCORDE|Concorde (disambiguation),,,rc.nocontext,validation,wh_2456
triviaqa,triviaqa_tc_245,Who was the director of the CIA from 1976-81?,George Bush,"George Bush|Goerge Bush|George W. Bush (disambiguation)|George Bushe|Georg bush|G Bush|George Bush, President|George Bush (disambiguation)|Bush, George|Geroge Bush",,,rc.nocontext,validation,tc_245
triviaqa,triviaqa_dpql_3790,In which US state is the Green Mountains Range?,Vermont,"Vermont|Sports in Vermont|Transportation in Vermont|United States, Vermont|Transport in Vermont|Vermont (state)|Geography of Vermont|USA, Vermont|Climate of Vermont|Demographics of Vermont|State of Vermont|Vermont USA|USA Vermont|Vermont, USA|Economy of Vermont|Religion in Vermont|Vermont, United States|Vermont, US|Christianity in Vermont|Vermont (U.S. state)",,,rc.nocontext,validation,dpql_3790
triviaqa,triviaqa_qf_96,Chi is the Chinese year of what?,Cock,Cock|Cock (disambiguation),,,rc.nocontext,validation,qf_96
triviaqa,triviaqa_sfq_11522,"Which mischievous fairy, also called Robin Goodfellow, appears in Shakespeare's 'A Midsummer Night's Dream'?",PUCK,PUCK|Puck (disambiguation),,,rc.nocontext,validation,sfq_11522
triviaqa,triviaqa_sfq_9525,Who partnered Jo Durie when she won the Wimbledon mixed doubles title in 1987?,Jeremy Bates,Jeremy Bates|Jeremy Bates (disambiguation),,,rc.nocontext,validation,sfq_9525
triviaqa,triviaqa_qf_1348,"Born 'Lucille LeSueur' , By what name is this actress better known?",Joan Crawford,"Joan Crawford|Crawford, Joan",,,rc.nocontext,validation,qf_1348
triviaqa,triviaqa_qf_1594,What was the first animated film to be nominated for an Oscar for best picture?,Disney's 'Beauty and the Beast',Disney's 'Beauty and the Beast'|Disney's Beauty and the Beast: Belle's Quest|Disney's Beauty and the Beast (video game)|Disney's Beauty and The Beast|Walt Disney's Beauty and the Beast,,,rc.nocontext,validation,qf_1594
triviaqa,triviaqa_bb_1551,The moons of which planet are named after Shakespearian characters?,Uranus,Uranus|Magnetosphere of Uranus|Planet Uranus|♅|Uranus (planet)|Discovery of Uranus|⛢|Uranus (astronomy)|Astronomy Uranus,,,rc.nocontext,validation,bb_1551
triviaqa,triviaqa_qf_1463,Who was the only boxer to win more heavyweight title fights than Mohammed Ali?,Joe Louis,Joe Louis|Joseph Louis Barrow|Joe Louis vs. Billy Conn,,,rc.nocontext,validation,qf_1463
triviaqa,triviaqa_sfq_25255,What is the name of the Maltese physician and psychologist who coined the term “Lateral Thinking” in the 1960s?,EDWARD DE BONO,EDWARD DE BONO|Edward DeBono|Dr Edward De Bono,,,rc.nocontext,validation,sfq_25255
triviaqa,triviaqa_sfq_25458,Estelle Parsons won a best supporting actress Oscar for her role in which 1967 film?,Bonnie and Clyde,Bonnie and Clyde|Clyde Champion Barrow|Bonnie & Clyde|Bonnie Parker|Bonny & Clyde|Bonnie + Clyde|Bonny and Clyde|Bonnie&Clyde|Bonnie Parker and Clyde Barrow|Clyde Barrow|Bonnie & Clide|The story of bonnie and clyde|Bonny + Clyde|Clyde Chestnut Barrow|Bonnie Elizabeth Parker,,,rc.nocontext,validation,sfq_25458
triviaqa,triviaqa_bb_3108,According to Latin grammatical rules what is the singular of candelabra?,Candelabrum,Candelabrum,,,rc.nocontext,validation,bb_3108
triviaqa,triviaqa_tc_515,Art Garfunkel trained for which profession although he didn't qualify?,Architect,Architect|Registered Architect,,,rc.nocontext,validation,tc_515
triviaqa,triviaqa_qb_5371,Who played Brad Pitt’s wife Theresa Mills in the film ‘Seven’?,Gwyneth Paltrow,Gwyneth Paltrow|Gwynyth Paltrow|Gwneth Paltrow|Gwyneth Paltro|Gwynnyth Paltrow|Gwenneth Paltrow|Gwenyth Paltrow|Gwyneth K. Paltrow|Gwyneth K Paltrow|Gweneth Paltrow|Gwennyth Paltrow|Gwyneth Kate Paltrow|Gwynneth Paltrow,,,rc.nocontext,validation,qb_5371
triviaqa,triviaqa_tc_2295,In which city was John Lennon murdered?,New York,"New York|New Yourk State|N Y|NYS|Neo York|Nova York|State of new york|Ny|Nueva York (estado)|New York (state)|U.S. state of New York|New York state|New York, U.S.|State New York|New York's|State of new yourk|New York (U.S. state)|New Yrok|New York (USA State)|New-York|The State of New York|US state of New York|New York, US|Religion in New York|New Yourk|New York State's|Estado Nueva York|New york population|New York, U.S.A|Estado de Nueva York|New York (U.S. state",,,rc.nocontext,validation,tc_2295
triviaqa,triviaqa_odql_11103,Which of the London Livery Companies is first in order of preference?,Worshipful Company of MERCERS,Worshipful Company of MERCERS|The Mercers' Company|Mercers Company|Mercers' Company|Mercers,,,rc.nocontext,validation,odql_11103
triviaqa,triviaqa_qw_15968,"On 30 September 1399, Henry Bolingbroke, Duke of Lancaster, became better known as whom?",King Henry IV of England,"King Henry IV of England|Henry IV (England)|Henry Bollinbroke|Henry IV (of England)|Henry IV of England|Henry Bolinbroke|Henry of Bolingbroke|Henry IV, King of England|Henry Bolingbroke|Henry IIII of england",,,rc.nocontext,validation,qw_15968
triviaqa,triviaqa_sfq_24460,Which US President died in office in July 1850 to be succeeded by his Vice President Millard Fillmore?,ZACHARY TAYLOR,ZACHARY TAYLOR|Zachary Talor|General Taylor|President Taylor|Zach Taylor|General Zachary Taylor|Zachary Taylor judicial appointments|Zachery Taylor|List of judicial appointments made by Zachary Taylor|Zachary Tyler|Taylor Administration|List of federal judges appointed by Zachary Taylor|Presidency of Zachary Taylor,,,rc.nocontext,validation,sfq_24460
triviaqa,triviaqa_qb_2640,"Which US author wrote ‘The Naked and the Dead’, based on his military service in World War II?",Norman Mailer,"Norman Mailer|Norman Kingsley Mailer|Mailer, Norman|Norman Kingsley",,,rc.nocontext,validation,qb_2640
triviaqa,triviaqa_sfq_18671,In which English city is the Anglican cathedral dedicated to St. Philip and the Catholic one to St. Chad?,Birmingham,"Birmingham|County Borough of Birmingham|Birmingham overspill|Metropolitan Borough of Birmingham|City of Birmingham|Birmingham, UK|Birmingham (borough)|Crime and policing in Birmingham|Birmingham, United Kingdom|The weather in Birmingham|Birmingham Corporation|Birmingham Heritage Festival|Birmingham artistic figures|Birmingham, West Midlands|England Birmingham|Birmingham, England",,,rc.nocontext,validation,sfq_18671
triviaqa,triviaqa_qb_8261,"Terry Molloy, David Gooderson and Julian Bleach have all portrayed which villain in the UK television series Dr Who?",Davros,Davros,,,rc.nocontext,validation,qb_8261
triviaqa,triviaqa_tc_1606,"Which future Hollywood star got her break as Wonder Girl, Wonder Woman's sister Drusilla?",Debra Winger,Debra Winger|Mary Debra Winger|Deborah Winger,,,rc.nocontext,validation,tc_1606
triviaqa,triviaqa_dpql_1380,Which infamous character became Pope Alexander VI?,Rodrigo Borgia,Rodrigo Borgia|Rodrigo de Borja y Dams|Alexander VI Borgia|Rodrigo de Lanzol-Borgia|Cardinal de Borgia|Rodrigo Lanzol y Borgia|Rodrigo de Lanzòl-Borgia|Rodrigo de Borja y Doms|Rodrigo Lanzol y de Borja|Rodrigo Lanzol y Gorja|Roderick Borgia|Rodrigo de Borja y Borja|Rodrigo Lanzol-Borja y Borja|Rodrigo de Borja,,,rc.nocontext,validation,dpql_1380
triviaqa,triviaqa_qb_3145,Erotology is the study of what?,Sex,Sex|The word sex|Anatomical sex|Sex terms|Biological sex|Sex.|Sex in plants|Genetic sex|Sex (biological division),,,rc.nocontext,validation,qb_3145
triviaqa,triviaqa_bb_3899,What homonymic word refers both to a pit and a hunted animal?,Quarry,Quarry|Marble quarry|Quarry process|Rock quarry|Quarry and Quarrying|Super quarry|Stone quarry,,,rc.nocontext,validation,bb_3899
triviaqa,triviaqa_qb_3168,The 1965 film ‘The Heroes of Telemark’ is set in which European country?,Norway,Norway|Mainland Norway|Etymology of Norway|Republic of Norway|Name of Norway|Kingdom of Norway|Sport in Norway|Royal Kingdom of Norway,,,rc.nocontext,validation,qb_3168
triviaqa,triviaqa_qw_8487,"What separates Wales from Devon, England?",Bristol Channel,Bristol Channel|Welsh Channel,,,rc.nocontext,validation,qw_8487
triviaqa,triviaqa_sfq_19304,"What name is given to the curve seen at the surface of a liquid, particularly in a narrow tube?",Meniscus,Meniscus,,,rc.nocontext,validation,sfq_19304
triviaqa,triviaqa_qw_14861,"In the culinary world, what word is used for the edible offal of a fowl, typically including the heart, gizzard and liver?",Giblets,Giblets,,,rc.nocontext,validation,qw_14861
triviaqa,triviaqa_bb_6777,The ancient pre-scientific system of classifying all universal matter as Water/Air/Fire/Earth/Aether is called the Classical?,Elements,Elements|The Elements (disambiguation)|Elements (disambiguation)|Elements (Mike Oldfield disambiguation)|Elements (album)|The Elements (album)|Elements (Mike Oldfield)|The Elements,,,rc.nocontext,validation,bb_6777
triviaqa,triviaqa_bb_3228,What Caribbean nation is considered the first black-led republic in the world?,Haiti,Haiti|Name of Haiti|Republic of haiti|Subdivisions of Haiti|Administrative divisions of Haiti|Arrondissements and communes of haiti|Departements of Haiti|People of Haiti,,,rc.nocontext,validation,bb_3228
triviaqa,triviaqa_bb_5926,The Hindi/Sanskrit 'kotwal' refers to what profession in India?,Police officer,Police officer|Police agent|Police-men|Police-man|Police men|Police-officers|Police man|Officer of the law|Police-women|Special officer|Police agents|Police-woman|Motor Officer|Police-officer|Becoming a Police Officer|Police women|👮|Police woman|Bobby (police)|Police officers,,,rc.nocontext,validation,bb_5926
triviaqa,triviaqa_tc_1456,Who won baseball's first World Series of the 80s?,Philadelphia Phillies,Philadelphia Phillies|Philadelphia Blue Jays|Philadelphia Phyllis|Philadelphia Phil|Philadelphia Phillies (sports)|Philadelphia Phillie|Philadelphia Phillies roster|List of Philadelphia Phillies captains|Phillies|Philadelphia Phillis|The Phillies|Phillies Roster|The Philadelphia Phillies|Phillies Nation|Philadelphia Phillies/Quakers,,,rc.nocontext,validation,tc_1456
triviaqa,triviaqa_sfq_13490,"Who is the vice President of the,USA?",JOE BIDEN,"JOE BIDEN|Jean Biden|Joseph R. Biden, Jr|Jean Finnegan Biden|Joe R. Biden, Jr.|Joe Biden, Jr.|Joseph Biden, Jr.|Joseph Robinette %22Joe%22 Biden, Jr.|Joseph Robinette Jr. Biden|Amtrak Joe|Joseph Robinette Biden, Jr.|Vice President Biden|Jo Biden|Joseph R. Biden|Joel Biden|Senator Joe Biden|Joseph R. Biden, Jr.|Joseph Biden|Joe R. Biden|Biden, Joe|Vice President Joe Biden|Joseph Robinette Biden|Joseph Robinette Biden Jr.|Joe Bidden|Joseph R. Biden Jr.|Joesph Biden|Biden|Ashley Biden|Biden, Joseph R., Jr.",,,rc.nocontext,validation,sfq_13490
triviaqa,triviaqa_bb_5050,The 'impossible' Penrose Stairs and Devil's Pitchfork are famous?,Optical Illusions,Optical Illusions|Optical illusion|Visual illusions,,,rc.nocontext,validation,bb_5050
triviaqa,triviaqa_sfq_8949,"What is the surname of the father and son who rode Grand National winners, L'Escargot in 1975 and Bobbyjo in 1999?",Carberry,Carberry|Carberry (disambiguation),,,rc.nocontext,validation,sfq_8949
triviaqa,triviaqa_sfq_20082,Which car company produces a model called Eos?,Volkswagen,Volkswagen|VW|Volkswagen France|Volkswagen Roccan|V W|Volkswagen R,,,rc.nocontext,validation,sfq_20082
triviaqa,triviaqa_dpql_1514,Where has Baroness Royall of Blaisdon led the opposition since May 2010?,House of LORDS,"House of LORDS|House of Peers of the United Kingdom|United Kingdom House of Peers|The Right Honourable The Lords Spiritual and Temporal of the United Kingdom of Great Britain and Northern Ireland in Parliament Assembled|Lords Spiritual and Temporal|House of Lords of the United Kingdom|House of Lords, Parliament of the United Kingdom of Great Britain and Ireland|House of Lords of the United Kingdom of Great Britain and Northern Ireland|House of Lords (UK)|The House of Lords|United Kingdom House of Lords|English House of Lords|House of Lords, Parliament of the United Kingdom of Great Britain and Northern Ireland|House of Peers of the United Kingdom of Great Britain and Northern Ireland|House of Lords (United Kingdom)|British House of Lords",,,rc.nocontext,validation,dpql_1514
triviaqa,triviaqa_jp_3200,Au is the chemical symbol of what element?,Gold,Gold|Gold compound|Gold consumption|Gold (metal)|Gold metal|Gold compounds|🜚|Gold toxicity|Flour gold|Native gold|Lode gold|Monatomic gold|Gold jewelry|Gold making|Gold Lot|Use of gold|Gold poisoning|Gold (mineral)|Gold (element),,,rc.nocontext,validation,jp_3200
triviaqa,triviaqa_bb_409,The Earth's Equator is approximately how many millions of metres in length?,40,40|forty,,,rc.nocontext,validation,bb_409
triviaqa,triviaqa_sfq_8028,Who was the only fictional character to feature in Time Magazine's 100 most important people of the 20th Century?,BART SIMPSON,BART SIMPSON|Bart Simpsons|Bart Simpson (I)|Bart (devil)|Bartholomew J Simpson|B.J. Simpson|Bartholomew J. Simpson|Bartholomew Jo Jo Simpson|Bart (Simpsons)|Brat Simpson|Bartholemew Jojo Simpson|Bart Jo-Jo Simpson|Bartholomew Jo-Jo Simpson|Bart (The Simpsons)|Bartholomew Jay Simpson|Bartholomew Simpson|The Simpsons/Bart|Bartholemew Simpson|Bart JoJo Simpson|Bart Jo Jo Simpson|Mort Simpson,,,rc.nocontext,validation,sfq_8028
triviaqa,triviaqa_qw_10842,"In 2005, Dan Wheldon became the first British competitor to win what event in over 30 years?",Indianapolis 500,Indianapolis 500|Indianapolis 500-Mile Race|The Indianapolis 500-Mile Race|The Indianapolis 500|Indianapolis 500 Mile Race|Indianapolis 505,,,rc.nocontext,validation,qw_10842
triviaqa,triviaqa_dpql_560,Which cartoon title character has a friend called Captain Haddock?,Tin Tin,Tin Tin|Tin-tin,,,rc.nocontext,validation,dpql_560
triviaqa,triviaqa_dpql_4753,George W Bush was given which diminutive herbaceous nickname?,Shrub,Shrub|Bush (shrub),,,rc.nocontext,validation,dpql_4753
triviaqa,triviaqa_sfq_7835,Clement (Clym) Yeobright is a leading character in which novel?,The Return of the Native,The Return of the Native|Return of the native|Return of the Native (novel),,,rc.nocontext,validation,sfq_7835
triviaqa,triviaqa_odql_9564,The flag of the Isle of Man is a triskelion on what colour background?,RED,RED|Red (comics)|Red (song)|Red (comic)|Red (album)|Red (film)|Red (disambiguation),,,rc.nocontext,validation,odql_9564
triviaqa,triviaqa_sfq_21761,The Carnegie family fortune was built around Andrew Carnegie’s success in manufacture in which industry?,Steel,Steel|Steel workers|Steel plate|Steel truss|Steel (alloy)|Steel industry|Steel (metal)|Titanic steel|Steel in Africa|Steel sheeting|Crude steel|Steel worker|Unwrapped steel|Long steel products|Steel Construction|Steel manufacture,,,rc.nocontext,validation,sfq_21761
triviaqa,triviaqa_qz_3920,What story introduced the Cybermen?,The Tenth Planet,The Tenth Planet|Dr Who – Music from the Tenth Planet|Dr Who - Music from the Tenth Planet|The Tenth Planet (Doctor Who),,,rc.nocontext,validation,qz_3920
triviaqa,triviaqa_dpql_3555,Which number Beethoven symphony is known as ‘The Pastoral’?,SIXTH,SIXTH|The Sixth|The Sixth One,,,rc.nocontext,validation,dpql_3555
triviaqa,triviaqa_sfq_17705,Which millionaire introduced a free school milk programme in Chicago to combat rickets?,AL CAPONE,AL CAPONE|Alfonse %22Scarface%22 Capone|CaPone|Alphonse Gabriel %22Al%22 Capone|Mae Capone|Alphonse G Capone|Alphonse Gabriel Capone|Alphonse Capone|Scarface Capone|Albert Francis Capone|Alphonse G. Capone,,,rc.nocontext,validation,sfq_17705
triviaqa,triviaqa_qb_5601,Which English Rugby Union team play their home games at Adams Park?,London Wasps,London Wasps|Wasps RFC|Wasps (rugby)|Wasps R.F.C.,,,rc.nocontext,validation,qb_5601
triviaqa,triviaqa_tb_1889,"Wardenclyffe Tower in Shoreham, New York was designed by which genius who intended to showcase it for demonstrations of wireless power transmission?",Nikola Tesla,"Nikola Tesla|Nichola Tesla|Dr. Nikola Tesla (1856-1943)|Students of Nikola Tesla|Biography of Nikola Tesla|Nicola Tesla|Tesla (physicist)|Milutin Tesla|Nikola Telsa|Tesla, Nikola|Tesla Cannon|Nikolai Tesla|Nikoli Tesla",,,rc.nocontext,validation,tb_1889
triviaqa,triviaqa_wh_2405,Probably best remembered as being chief presenter of ITV's News At Ten between 1976 and 1991which British journalist and broadcaster sadly passed away on July 20th 2012?,ALASTAIR BURNETT,ALASTAIR BURNETT|Alastair Burnet,,,rc.nocontext,validation,wh_2405
triviaqa,triviaqa_qb_3624,What is the square root of 169?,13,13|thirteen,,,rc.nocontext,validation,qb_3624
triviaqa,triviaqa_bt_1890,What is the name of the local pub in Heartbeat,The Aidensfield Arms,The Aidensfield Arms,,,rc.nocontext,validation,bt_1890
triviaqa,triviaqa_qz_5341,Which fictional girls' boarding school was created by the cartoonist Ronald Searle,St. Trinians,St. Trinians|St. Trinians School|Saint Trinians|St Trinians School|St Trinians,,,rc.nocontext,validation,qz_5341
triviaqa,triviaqa_sfq_10352,In which mountains does the Loire river rise?,Cevennes,Cevennes|Cevennes Mountains,,,rc.nocontext,validation,sfq_10352
triviaqa,triviaqa_dpql_1439,Whose 1960 recording “The Twist” spawned a craze for the dance of that name?,Chubby Checker,Chubby Checker,,,rc.nocontext,validation,dpql_1439
triviaqa,triviaqa_sfq_20740,Who won the World Professional Snooker Championship six times in the 1970s?,Ray Reardon,Ray Reardon,,,rc.nocontext,validation,sfq_20740
triviaqa,triviaqa_bt_873,Which U.S. air base in Britain was the scene of a long running women's anti nuclear protest in the 1980s,Greenham Common,Greenham Common|RAF Greenham Common|USAF Greenham Common|Greenham and Crookham Commons,,,rc.nocontext,validation,bt_873
triviaqa,triviaqa_qz_5236,"Produced between 1970 and 1974, what is a Bond Bug?",Car,Car|🚗|🚘|A car|Motor car|Motor-car|Car Automobile,,,rc.nocontext,validation,qz_5236
triviaqa,triviaqa_sfq_6582,Where in Scotland is Dunvegan Castle?,Isle of Skye,Isle of Skye|Skye|Isle-of-Skye|The Winged Isle,,,rc.nocontext,validation,sfq_6582
triviaqa,triviaqa_wh_4372,"Who was manager of Sheffield Wednesday when they won the League Cup in 1991, beating Manchester United in the final ?",RON ATKINSON,RON ATKINSON,,,rc.nocontext,validation,wh_4372
triviaqa,triviaqa_bb_3775,"The old British slang to 'shop' someone, meaning to betray someone, or inform an authority of someone's wrong-doing, derives from 'shop' meaning?",Prison,Prison|Medium security prison|Prison healthcare|Prison population rate|Remand prison|Prison health care|Minimum security prison|Prison system|Prison term|Prison cells,,,rc.nocontext,validation,bb_3775
triviaqa,triviaqa_sfq_19873,"Disaronno is an 'amaretto' liqueur with a characteristic bitter-almond taste, however it doesn't contain any nuts at all; from the kernel of which fruit does the flavour come?",Apricot,Apricot|Culture of apricot|Apricot Tree,,,rc.nocontext,validation,sfq_19873
triviaqa,triviaqa_qw_6195,"Geoff Capes, twice the world's strongest man, won 2 Olympic Games gold medals in which sport?",Shot put,Shot put|Shot putter|Shot Putt|Shot-put|Shot putting,,,rc.nocontext,validation,qw_6195
triviaqa,triviaqa_sfq_5941,The remains of which ancient city were discovered by Heinrich Schliemann in the 1870s?,Troy,Troy|Troy Ilium|City of Troy|Troy (mythology)|Archaeological Site of Troy|Troy (Extinct city)|People of Troy|Classical troy|Homeric troy|Troy (Asia Minor),,,rc.nocontext,validation,sfq_5941
triviaqa,triviaqa_qw_1617,The Wimbledon tennis tournament is held at which tennis club in London?,The All England Club,The All England Club|All england lawn tennis and croquet club|All England Lawn Tennis Club|All-England Club|All England Club,,,rc.nocontext,validation,qw_1617
triviaqa,triviaqa_odql_1677,Two of Peter O'Toole's nominations for Best Actor 'Oscar' were for playing which English king in two different films?,HENRY II,HENRY II|Henry 2|Henry the Second|Henry II (disambiguation)|King Henry II,,,rc.nocontext,validation,odql_1677
triviaqa,triviaqa_qg_4308,What is the official color of the UPS trucks?,Pullman Brown,Pullman Brown|Light brown|Brown|List of terms associated with the color brown|Pale Sandy Brown|Brown (colour)|Dark brown|Brown (color)|Reddish brown,,,rc.nocontext,validation,qg_4308
triviaqa,triviaqa_qz_3752,Which former West Indian fast bowler was known as 'Whispering Death'?,Michael Holding,Michael Holding|Mike Holding,,,rc.nocontext,validation,qz_3752
triviaqa,triviaqa_qw_9073,"What nickname was given to Ana Cumpna, also known as Anna Sage, who betrayed John Dillinger to the police when he attended the Biograph Theater in Chicago?",Lady in Red,Lady in Red|The Lady in Red|The Lady in Red (disambiguation)|The Lady in Red (film),,,rc.nocontext,validation,qw_9073
triviaqa,triviaqa_qb_1757,How many stars are on the national flag of New Zealand?,Four,Four|4,,,rc.nocontext,validation,qb_1757
triviaqa,triviaqa_bb_6268,Christian is the lead character in the film 2015 adaptation of what extraordinarily successful book?,Fifty Shades of Grey,Fifty Shades of Grey|Fifty Shades of Grey: The Classical Album|50 Shades of Grey|Fifty Shades of Gray|50 Shades|Fifty Shades|Christian Grey|50 Shades of Gray,,,rc.nocontext,validation,bb_6268
triviaqa,triviaqa_bb_5241,Which historically contested region did Russia annexe from Ukraine in February 2014?,Crimea,Crimea|Crimea Autonomous Republic|Geography of Crimea|Economy of Crimea|Name of Crimea|Economy of the Autonomous Republic of Crimea|Crimea Peninsula|Climate of Crimea|Crimea region|Tourism in Crimea|Demographics of the Autonomous Republic of Crimea|Geography of the Autonomous Republic of Crimea|Culture of the Autonomous Republic of Crimea,,,rc.nocontext,validation,bb_5241
triviaqa,triviaqa_qb_4576,Who wrote the 1951 novel ‘From here to Eternity’?,James Jones,"James Jones|Jones, James|James Jones (basketball)|James Jones (disambiguation)|James Jones (running back)|James Jones (American football)",,,rc.nocontext,validation,qb_4576
triviaqa,triviaqa_sfq_17796,Name the space craft that exploded 72 seconds after lift off killing all 7 crew members in 1986.,CHALLENGER,CHALLENGER|Challenger Space Shuttle|Shuttle Orbiter Challenger|Space shuttle challenger|The challenger|Shuttle Challenger|Challenger Spacecraft|Challenger (Space Shuttle),,,rc.nocontext,validation,sfq_17796
triviaqa,triviaqa_bb_740,"What was the US spacecraft first to return images of Mars to Earth, in July 1965?",Mariner 4,Mariner 4|Mariner4|Mariner IV,,,rc.nocontext,validation,bb_740
triviaqa,triviaqa_bb_2997,"Toothpaste, turtle, oxblood, oilie/oily, ade, and swirly are types of what?",Marbles,Marbles|Marbles (game)|GOTI (Marbles in Hindi),,,rc.nocontext,validation,bb_2997
triviaqa,triviaqa_bb_5442,"What metabolic disorder takes its name from Greek 'siphon', referring to excessive urine production?",Diabetes,"Diabetes|Sugar diabetes|People with diabetes|Latent diabetes|Diabetes and heredity|Diabetes, insulin dependent|Diabetes Mellitus|Symptoms of diabetes|Diabetes melitus|Bulla due to diabetes mellitus",,,rc.nocontext,validation,bb_5442
triviaqa,triviaqa_bb_7936,"Which Bond villain has been played by Telly Savalas, Donald Pleasance, Charles Gray, and Max Von Sydow?",BLOFELD,BLOFELD|Ernst Stavro Blofeld|Dr. Blofeld|Ernst Blofeld|Dr Blofeld|Blofeld Trilogy,,,rc.nocontext,validation,bb_7936
triviaqa,triviaqa_sfq_15164,"Which word can be a golf term, a Space vehicle or a one time boy's comic?",Eagle,Eagle|Hawk eagle|Eagle Spirit|Eagle (symbolism)|Hawk-eagle,,,rc.nocontext,validation,sfq_15164
